,PCA1,PCA2,Max_Topic
0,0.0754209667652656,2.327077694576055e-18,2
1,-0.07542096676526557,2.3270776945760563e-18,2
