,PCA1,PCA2,Max_Topic
0,0.1593799935736284,1.7097340417247433e-17,0
1,-0.1593799935736284,1.7097340417247436e-17,0
