,PCA1,PCA2,Max_Topic
0,0.157633755094389,1.4647662271113065e-17,0
1,-0.15763375509438898,1.4647662271113078e-17,0
