,PCA1,PCA1,Max_Topic
0,0.157633755094389,0.157633755094389,0
1,-0.15763375509438898,-0.15763375509438898,0
