,PCA1,PCA2,Max_Topic
0,-0.10219626824790183,-0.08666828475065896,0
1,-0.2199320902048524,0.0727328295567406,0
