,PCA1,PCA2,Max_Topic
0,0.11242840946729245,-0.08296031769249845,2
1,0.2516810013386102,-0.08917857755561504,2
