,PCA1,PCA2,Max_Topic,PCA1_adj,PCA2_adj
0,0.10514728144926144,-0.10564108367856143,0,0.14512654944739525,0.03397460820147539
1,0.08075234960065242,-0.011044756990156522,0,0.051819007544466354,0.0629104051815289
